{"type":"uninstall","id":"43b4fa5a-90d7-4a13-adcf-59a9e1fbf7b5","creationDate":"2021-09-15T23:12:01.119Z","version":4,"application":{"architecture":"x86-64","buildId":"20210903235534","name":"Firefox","version":"92.0","displayVersion":"92.0","vendor":"Mozilla","platformVersion":"92.0","xpcomAbi":"x86_64-msvc","channel":"release"},"payload":{"otherInstalls":0},"clientId":"be296460-5e19-4158-853a-49f1314e45c6","environment":{"build":{"applicationId":"{ec8030f7-c20a-464f-9b0e-13a3a9e97384}","applicationName":"Firefox","architecture":"x86-64","buildId":"20210903235534","version":"92.0","vendor":"Mozilla","displayVersion":"92.0","platformVersion":"92.0","xpcomAbi":"x86_64-msvc","updaterAvailable":true},"partner":{"distributionId":null,"distributionVersion":null,"partnerId":null,"distributor":null,"distributorChannel":null,"partnerNames":[]},"system":{"memoryMB":32686,"virtualMaxMB":134217728,"cpu":{"count":16,"cores":8,"vendor":"GenuineIntel","family":6,"model":158,"stepping":12,"l2cacheKB":256,"l3cacheKB":16384,"speedMHz":3600,"extensions":["hasMMX","hasSSE","hasSSE2","hasSSE3","hasSSSE3","hasSSE4_1","hasSSE4_2","hasAVX","hasAVX2","hasAES"]},"os":{"installYear":2019,"hasSuperfetch":true,"hasPrefetch":true,"name":"Windows_NT","version":"10.0","locale":"ko-KR","servicePackMajor":0,"servicePackMinor":0,"windowsBuildNumber":18363,"windowsUBR":418},"hdd":{"binary":{"model":"Samsung SSD 860 EVO 500GB","revision":"RVT02B6Q","type":"SSD"},"profile":{"model":"Samsung SSD 860 EVO 500GB","revision":"RVT02B6Q","type":"SSD"},"system":{"model":"Samsung SSD 860 EVO 500GB","revision":"RVT02B6Q","type":"SSD"}},"gfx":{"D2DEnabled":true,"DWriteEnabled":true,"ContentBackend":"Skia","Headless":false,"EmbeddedInFirefoxReality":false,"adapters":[{"description":"NVIDIA GeForce RTX 2080 Ti","vendorID":"0x10de","deviceID":"0x1e04","subsysID":"37c01458","RAM":11264,"driver":"C:\\Windows\\System32\\DriverStore\\FileRepository\\nv_dispi.inf_amd64_55e7fb10ab85a7c2\\nvldumdx.dll,C:\\Windows\\System32\\DriverStore\\FileRepository\\nv_dispi.inf_amd64_55e7fb10ab85a7c2\\nvldumdx.dll,C:\\Windows\\System32\\DriverStore\\FileRepository\\nv_dispi.inf_amd64_55e7fb10ab85a7c2\\nvldumdx.dll,C:\\Windows\\System32\\DriverStore\\FileRepository\\nv_dispi.inf_amd64_55e7fb10ab85a7c2\\nvldumdx.dll C:\\Windows\\System32\\DriverStore\\FileRepository\\nv_dispi.inf_amd64_55e7fb10ab85a7c2\\nvldumd.dll,C:\\Windows\\System32\\DriverStore\\FileRepository\\nv_dispi.inf_amd64_55e7fb10ab85a7c2\\nvldumd.dll,C:\\Windows\\System32\\DriverStore\\FileRepository\\nv_dispi.inf_amd64_55e7fb10ab85a7c2\\nvldumd.dll,C:\\Windows\\System32\\DriverStore\\FileRepository\\nv_dispi.inf_amd64_55e7fb10ab85a7c2\\nvldumd.dll","driverVendor":null,"driverVersion":"26.21.14.4614","driverDate":"5-15-2020","GPUActive":true}],"monitors":[{"screenWidth":1920,"screenHeight":1080,"refreshRate":240,"pseudoDisplay":false}],"features":{"compositor":"webrender","hwCompositing":{"status":"available"},"gpuProcess":{"status":"available"},"wrQualified":{"status":"available"},"webrender":{"status":"available"},"wrCompositor":{"status":"available"},"wrSoftware":{"status":"available"},"openglCompositing":{"status":"unused"},"omtp":{"status":"disabled:FEATURE_FAILURE_DISABLED"},"d3d11":{"status":"available","version":45312,"warp":false,"textureSharing":true,"blocklisted":false},"d2d":{"status":"available","version":"1.1"}}},"appleModelId":null,"hasWinPackageId":false,"sec":{"antivirus":null,"antispyware":null,"firewall":null},"isWow64":false,"isWowARM64":false},"settings":{"blocklistEnabled":true,"e10sEnabled":true,"e10sMultiProcesses":8,"fissionEnabled":false,"telemetryEnabled":false,"locale":"en-US","intl":{"requestedLocales":["en-US"],"availableLocales":["en-US"],"appLocales":["en-US"],"systemLocales":["ko-KR"],"regionalPrefsLocales":["ko-KR"],"acceptLanguages":["en-US","en"]},"update":{"channel":"release","enabled":true,"autoDownload":true,"background":false},"userPrefs":{"browser.search.widget.inNavBar":false,"widget.content.allow-gtk-dark-theme":false,"widget.content.gtk-high-contrast.enabled":true,"security.enterprise_roots.enabled":true,"security.enterprise_roots.auto-enabled":true,"browser.search.region":"KR"},"sandbox":{"effectiveContentProcessLevel":6,"contentWin32kLockdownState":4},"launcherProcessState":0,"addonCompatibilityCheckEnabled":true,"isDefaultBrowser":false,"attribution":{"campaign":"%2528not%2Bset%2529","content":"%2528not%2Bset%2529","dltoken":"6c5872b2-2b8b-4215-be72-f7a0c95e34d3","experiment":"%2528not%2Bset%2529","medium":"referral","source":"www.google.com","ua":"chrome","variation":"%2528not%2Bset%2529"},"defaultSearchEngine":"google-b-d","defaultSearchEngineData":{"loadPath":"[other]addEngineWithDetails:google@search.mozilla.org","name":"Google","origin":"default","submissionURL":"https://www.google.com/search?client=firefox-b-d&q="}},"profile":{"creationDate":18885,"firstUseDate":18885},"addons":{"activeAddons":{"doh-rollout@mozilla.org":{"version":"2.0.0","scope":1,"type":"extension","updateDay":18874,"isSystem":true,"isWebExtension":true,"multiprocessCompatible":true,"blocklisted":false,"description":"This used to be a Mozilla add-on that supported the roll-out of DoH, but now only exists as a stub t","name":"DoH Roll-Out","userDisabled":false,"appDisabled":false,"foreignInstall":false,"hasBinaryComponents":false,"installDay":18874},"formautofill@mozilla.org":{"version":"1.0.1","scope":1,"type":"extension","updateDay":18874,"isSystem":true,"isWebExtension":true,"multiprocessCompatible":true,"blocklisted":false,"description":null,"name":"Form Autofill","userDisabled":false,"appDisabled":false,"foreignInstall":false,"hasBinaryComponents":false,"installDay":18874},"pictureinpicture@mozilla.org":{"version":"1.0.0","scope":1,"type":"extension","updateDay":18874,"isSystem":true,"isWebExtension":true,"multiprocessCompatible":true,"blocklisted":false,"description":"Fixes for web compatibility with Picture-in-Picture","name":"Picture-In-Picture","userDisabled":false,"appDisabled":false,"foreignInstall":false,"hasBinaryComponents":false,"installDay":18874},"screenshots@mozilla.org":{"version":"39.0.1","scope":1,"type":"extension","updateDay":18874,"isSystem":true,"isWebExtension":true,"multiprocessCompatible":true,"blocklisted":false,"description":"Take clips and screenshots from the Web and save them temporarily or permanently.","name":"Firefox Screenshots","userDisabled":false,"appDisabled":false,"foreignInstall":false,"hasBinaryComponents":false,"installDay":18874},"webcompat@mozilla.org":{"version":"25.4.0","scope":1,"type":"extension","updateDay":18874,"isSystem":true,"isWebExtension":true,"multiprocessCompatible":true,"blocklisted":false,"description":"Urgent post-release fixes for web compatibility.","name":"Web Compatibility Interventions","userDisabled":false,"appDisabled":false,"foreignInstall":false,"hasBinaryComponents":false,"installDay":18874}},"theme":{"id":"default-theme@mozilla.org","blocklisted":false,"description":"Follow the operating system setting for buttons, menus, and windows.","name":"System theme","userDisabled":false,"appDisabled":false,"version":"1.2","scope":4,"foreignInstall":false,"hasBinaryComponents":false,"installDay":18885,"updateDay":18885},"activeGMPlugins":{"gmp-gmpopenh264":{"version":"1.8.1.1","userDisabled":false,"applyBackgroundUpdates":1},"gmp-widevinecdm":{"version":"4.10.2209.1","userDisabled":false,"applyBackgroundUpdates":1}}}}}