{
  "settings": {
    "MICROSOFTTELEMETRY::MS.CRITICALDATA:SAMPLERATE": "100",
    "MICROSOFTTELEMETRY::MS.MEASURES:SAMPLERATE": "2",
    "MICROSOFTTELEMETRY::MS.TELEMETRY:SAMPLERATE": "0",
    "WINDOWSCORETELEMETRY::MS.CRITICALDATA:SAMPLERATE": "100",
    "WINDOWSCORETELEMETRY::MS.MEASURES:SAMPLERATE": "100",
    "WINDOWSCORETELEMETRY::MS.TELEMETRY:SAMPLERATE": "100",
    "ARIA::MS.CRITICALDATA:SAMPLERATE": "100",
    "ARIA::MS.MEASURES:SAMPLERATE": "2",
    "ARIA::MS.TELEMETRY:SAMPLERATE": "0",
    "MICROSOFT-APPLICATIONINSIGHTS:::SAMPLERATE": "100",
    "MICROSOFT-APPLICATIONINSIGHTS-DEV:::SAMPLERATE": "100",
    "MICROSOFT-APPLICATIONINSIGHTS-DEV:::LATENCY": "Realtime",
    "MICROSOFTWLANTELEMETRY::MSWLAN.CRITICALDATA:SAMPLERATE": "100",
    "MICROSOFTWLANTELEMETRY::MSWLAN.MEASURES:SAMPLERATE": "2",
    "MICROSOFTWLANTELEMETRY::MSWLAN.TELEMETRY:SAMPLERATE": "0",
    "XBOX.XSAPI:::SAMPLERATE": "100",
    "SKYPE:::SAMPLERATE": "100",
    "MSPG::MS.CRITICALDATA:SAMPLERATE": "100",
    "MSPG::MS.MEASURES:SAMPLERATE": "2",
    "MSPG::MS.TELEMETRY:SAMPLERATE": "0",
    "P-Eco3PTelDefault::MS.CRITICALDATA:SAMPLERATE": "100",
    "P-Eco3PTelDefault::MS.MEASURES:SAMPLERATE": "100",
    "P-Eco3PTelDefault::MS.TELEMETRY:SAMPLERATE": "100",
    "P-DiagnosticDataEdge::MS.CRITICALDATA:SAMPLERATE": "100",
    "P-DiagnosticDataEdge::MS.MEASURES:SAMPLERATE": "100",
    "P-DiagnosticDataEdge::MS.TELEMETRY:SAMPLERATE": "100"
}}