{
  "settings": {
    "UTC:::GROUPDEFINITION.MICROSOFTTELEMETRY": "4f50731a-89cf-4782-b3e0-dce8c90476ba",
    "UTC:::CATEGORYDEFINITION.MS.CRITICALDATA": "140737488355328",
    "UTC:::CATEGORYDEFINITION.MS.MEASURES": "70368744177664",
    "UTC:::CATEGORYDEFINITION.MS.TELEMETRY": "35184372088832",
    "UTC:::GROUPDEFINITION.MICROSOFT-APPLICATIONINSIGHTS": "0d943590-b235-5bdb-f854-89520f32fc0b",
    "UTC:::GROUPDEFINITION.MICROSOFT-APPLICATIONINSIGHTS-DEV": "ba84f32b-8af2-5006-f147-5030cdd7f22d",
    "UTC:::GROUPDEFINITION.MICROSOFTWLANTELEMETRY": "976a8310-986e-4640-8bfb-7736ee6d9b65",
    "UTC:::CATEGORYDEFINITION.MSWLAN.TELEMETRY": "536870912",
    "UTC:::CATEGORYDEFINITION.MSWLAN.MEASURES": "1073741824",
    "UTC:::CATEGORYDEFINITION.MSWLAN.CRITICALDATA": "2147483648",
    "UTC:::GROUPDEFINITION.XBOX.XSAPI": "53b78fc6-e359-453e-89fe-a5f4e5ff4af3",
    "UTC:::GROUPDEFINITION.OFFICE": "8DBEEE55-EAB8-41BE-988E-B1FAE0397155",
    "UTC:::GROUPDEFINITION.SKYPE": "9dfc8457-4d69-44c7-8fcd-192290702a89",
    "UTC:::GROUPDEFINITION.MSPG": "5ECB0BAC-B930-47F5-A8A4-E8253529EDB7",
    "UTC:::GROUPDEFINITION.WINDOWSCORETELEMETRY": "C7DE053A-0C2E-4A44-91A2-5222EC2ECDF1",
    "UTC:::GROUPDEFINITION.SEVILLE": "541DAE91-CC3C-5807-B064-C2561C16D7E8",
    "UTC:::GROUPDEFINITION.ARIA": "780dddc8-18a1-5781-895a-a690464fa89c",
    "UTC:::GROUPDEFINITION.DevHealthMon": "FADD2F61-3D56-4F99-B89F-1C76D6DF1B06",
    "UTC:::GROUPDEFINITION.P-Eco3PTelDefault": "5e93ef8b-0540-5914-b07f-4a4eacd30a5f",
    "UTC:::GROUPDEFINITION.P-DiagnosticDataEdge": "f526ad2f-57f9-5336-9637-5c2e54f87e9c",
    "UTC:::TENANT.AI": "0d943590-b235-5bdb-f854-89520f32fc0b,f825c973dbb9485d9663bb542eb4e0c8-84a98a31-e39c-43d9-be9f-f64deba2e0f7-7445",
    "UTC:::TENANT.AI-DEV": "ba84f32b-8af2-5006-f147-5030cdd7f22d,f825c973dbb9485d9663bb542eb4e0c8-84a98a31-e39c-43d9-be9f-f64deba2e0f7-7445",
    "UTC:::TENANT.ARIA": "780dddc8-18a1-5781-895a-a690464fa89c,b8391a19302b4fe0a34c60f5518176c9-8ffad71a-8c26-4b61-956d-d0be1722a34c-7062",
    "UTC:::TENANT.DEVCNTR": "1d34c0ff-54c5-516f-9ca2-0e20966588a5,0890af88a9ed4cc886a14f5e174a2827-9de66c5e-f867-43a8-a7b8-e0ddd481cca4-7548",
    "UTC:::TENANT.DHM": "FADD2F61-3D56-4F99-B89F-1C76D6DF1B06,c0f78615e10840f6bc939f78eb3d2e48-2690f64f-9a66-4979-ae31-460672e14835-7254",
    "UTC:::TENANT.ENG": "207cf9d5-b3e5-5f45-9a58-c1308f9abdda,1c2cfc4fb2f64e53bbc79571096159d0-c3861a77-83d4-4cc2-bff8-fa9a92881d38-7146",
    "UTC:::TENANT.MSPG": "5ECB0BAC-B930-47F5-A8A4-E8253529EDB7,95c1f21d6cb047a09e7b423c1cb2222e-9965f07b-54fa-498e-9727-9e8d24dec39e-7027",
    "UTC:::TENANT.OFFICE": "8DBEEE55-EAB8-41BE-988E-B1FAE0397155,317feabcd6dc4122a8d8e977e982e2ba-dcba31e2-1990-4c1c-a65a-ba1ae8e00419-6928",
    "UTC:::TENANT.SEVILLE": "541dae91-cc3c-5807-b064-c2561c16d7e8,805cecb924d341e785cb3a064d4c1038-0dba47aa-738d-4481-856a-5a926523a327-7032",
    "UTC:::TENANT.SKYPE": "9dfc8457-4d69-44c7-8fcd-192290702a89,7155a003837a4b33875c102b611baf47-c09f26f7-84e4-4c9e-b066-4df9d664de78-7252",
    "UTC:::TENANT.WIN": "4f50731a-89cf-4782-b3e0-dce8c90476ba,0a89d516ae714e01ae89c96d185e9ae3-4feabde5-b270-4185-943c-cf378eac3f02-6706",
    "UTC:::TENANT.WINCORE": "c7de053a-0c2e-4a44-91a2-5222ec2ecdf1,0a89d516ae714e01ae89c96d185e9ae3-4feabde5-b270-4185-943c-cf378eac3f02-6706",
    "UTC:::TENANT.WINWLAN": "976a8310-986e-4640-8bfb-7736ee6d9b65,0a89d516ae714e01ae89c96d185e9ae3-4feabde5-b270-4185-943c-cf378eac3f02-6706",
    "UTC:::TENANT.XBOX": "53b78fc6-e359-453e-89fe-a5f4e5ff4af3,0890af88a9ed4cc886a14f5e174a2827-9de66c5e-f867-43a8-a7b8-e0ddd481cca4-7548",
    "UTC:::TENANT.3PTEL": "5e93ef8b-0540-5914-b07f-4a4eacd30a5f,30b6b20b75ea489890887a4ac2580917-50d770f3-9ab9-4a83-84d1-91e26ed8e93d-6958",
    "UTC:::TENANT.DDE": "f526ad2f-57f9-5336-9637-5c2e54f87e9c,",
    "UTC:::TENANT": "dedb3435bceb4d2d9f40bcb2139e6562-4de2fa0d-3dbd-4e46-a2dd-f158b62f510a-7933",
    "UTC:::DOWNLOADSCENARIOSFROMONESETTINGS": "1",
    "UTC:::ENDPOINT.WINDOWS.DIAGNOSTICS": "scenario",
    "UTC:::ENDPOINT.WINDOWS.PERFTRACKESCALATIONS": "scenario",
    "UTC:::ENDPOINT.WINDOWS.PERFTRACKPOINTDATA": "scenario",
    "UTC:::ENDPOINT.WINDOWS.SIUF": "scenario",
    "UTC:::MINISLOTENABLED": "1",
    "UTC:::EVENTTRANSCRIPT.ALLOWPRODUCERID.WINDOWS": "Windows",
    "UTC:::EVENTTRANSCRIPT.ALLOWPRODUCERID.MICROSOFTEDGE": "Microsoft Edge"
  }}